user21d1, af430714f9
user24e2, 155f06f25d
usere80a, f933495882
user46fa, 024551e682
user35d1, eb04ec817b
user3d92, 4b6ff8a825
userf245, cbc173d3c5
user125d, 26758ebad3
user471a, e0276522f7
user2bfb, f891b626b6
usera106, 0ed5bf7882
user48e4, 4e4f0ee412
user665f, 768d85204c
user4589, 0d3ca53ad7
user34ff, ff9aec5cc0
userb6a0, c37f8bea42
userc91e, 858be983da
user8e9e, 0203c3206f
user0598, 7dabeee103
userb5d7, d83bf8489e
userc09a, f0930b556c
user8923, 61e35c26b9
user7113, 8f14d98eb5
user88a9, 16f2fcfab5
user1d49, adfc3043c5
user39f2, e1ddec8cbc
userd976, 30c634aa62
usercd09, b1f179a962
user3759, 9380007e99
user4100, 2978396fe4
usere9d9, f4252aed17
userf6fa, 09aadeb184
user9ec4, 014a75d14d
user3325, be495ac3dc
userafe0, cf71c0ba2b
user932c, 7ab4a62247
user11c3, 9d6875065e
user89b5, b353c044f4
userb9a3, de689a5714
user5b2e, f063aa7693
user2f52, 8dfb110631
user02dc, e12f8c88af
userbc6a, 248a106061
user3544, 1a63426104
useraa39, aabfe7f8f3
userc4b7, 3823604529
user3a25, 3b82fa8a13
userd197, 6a7252ebee
user2277, c4ed93d626
userb9c3, bf6a025264
